shape,label,shapenet
curtain_0000.obj,curtain,0
curtain_0001.obj,curtain,0
02818832/2d1a2be896054548997e2c877588ae24,bed,1
02818832/3a3a4982fd12d3d7fcc95bb239c4c353,bed,1
02818832/5ba5c9836e19ac7640b4c5428883e585,bed,1
02818832/5cdbef59581ba6b89a87002a4eeaf610,bed,1
02818832/6cda64954ee8f9c122347dcaec583703,bed,1
02818832/7a4e07fb5701172c862eec8232fff1e,bed,1
02818832/7c8eb4ab1f2c8bfa2fb46fb8b9b1ac9f,bed,1
02818832/8df7e58200ac5e6ab91b871e750ca615,bed,1
02818832/9fb6014c9944a98bd2096b2fa6f98cc7,bed,1
02818832/20b7fd7affe7ef07c370aa5e215a8f19,bed,1
02818832/22b8e1805041fe56010a6840f668b41,bed,1
02818832/958f2d4bb17eb247c9dd845c88786daa,bed,1
02818832/1619aa637cbb6e131ba2f806cba87b47,bed,1
02818832/7121c556308b16bf158482250c99c0b3,bed,1
02818832/ab9e57b316f43962b738ef7a6757633a,bed,1
02818832/ac97ffc6b6ef238382c3b56998e08a4c,bed,1
02818832/c2b65540d51fada22bfa21768064df9c,bed,1
02818832/c758919a1fbe3d0c9cef17528faf7bc5,bed,1
02818832/d7b9238af2efa963c862eec8232fff1e,bed,1
02818832/dc5a7937cf3d5ce2d6547ce8d3c3ea11,bed,1
02818832/ddd75dd50dc40a3f8c1632739e6c2fc5,bed,1
02818832/e91c2df09de0d4b1ed4d676215f46734,bed,1
02818832/eccc3a7a3a5785e8d359a99f94460600,bed,1
02818832/f10984c7255bc5b25519d54a714fac86,bed,1
02933112/1a51237c9515ad0a4da5feafe6f1c8fc,kitchen_cabinet,1
04379243/1ad672c0a138f8ffe286a7dded929c2a,kitchen_cabinet,1
02933112/1c898677c5b4291c847857e42f50ec6e,kitchen_cabinet,1
04379243/1fe806fc0004aae877845ad7d2ecfba,kitchen_cabinet,1
04379243/2d468e75b3063c165dca6305fb9f97ca,kitchen_cabinet,1
04379243/6fa34794adb6acde24dca86ff4e91ac2,kitchen_cabinet,1
04379243/7b411de42d4960eb6e25f3efedf6785f,kitchen_cabinet,1
04379243/33b727a7c5e984bd377c09d18bd75e8a,kitchen_cabinet,1
04379243/821f2cc776043008efe8aae804e55d6f,kitchen_cabinet,1
04379243/838b05234e648ae5db4c5469c0c1ba80,kitchen_cabinet,1
04379243/4185ad2b10b278f83889b52430b1ab3c,kitchen_cabinet,1
04379243/a83bee7cfe190a1dc26fa198e521610a,kitchen_cabinet,1
04379243/b12ccf1813b424864a62dd9e5e4067d1,kitchen_cabinet,1
04379243/c1df09878a7a4a81190e285a2cbc9c,kitchen_cabinet,1
02933112/2e6c2878b005b5c8bd7feb85baf9225b,kitchen_cabinet,1
02933112/4dc45b86bdce7d96d37a1bae74ee50a2,kitchen_cabinet,1
02933112/6d5049bc983aa8b4a805114916841d69,kitchen_cabinet,1
02933112/6eb88254824387bfc59350d819542ec7,kitchen_cabinet,1
02933112/2fff20fe8b4b4a6cc59350d819542ec7,kitchen_cabinet,1
02933112/6bd87f32df22ffe2854a6619c08bff6d,kitchen_cabinet,1
02933112/8e9a51408589448bc59350d819542ec7,kitchen_cabinet,1
02933112/9d75f1513c57e433c8f56fd282ce5ea1,kitchen_cabinet,1
02933112/9dcc7002210e6660824662341ce2b233,kitchen_cabinet,1
02933112/29b34b5121639a65c59350d819542ec7,kitchen_cabinet,1
02933112/953f545f33716fd01d860ee2ad2a42e1,kitchen_cabinet,1
02871439/d7f1a22419268800e76bc197b3a3ffc0,cabinet,1
02871439/da85e3cd457b2306a64bdf68b802832,cabinet,1
02871439/c758f0524891b18110b7af17eb4b15c9,cabinet,1
02871439/6003c51eee40d5942f84cb7932f866fd,cabinet,1
02871439/bae1a98fac9dda6a7dc4aa29087c6236,cabinet,1
02871439/a79a38419ae817fb3d2900ab7b1f5d81,cabinet,1
02871439/3b2fa4cd0b774d13d3b55643c9c176f2,cabinet,1
02933112/1a7b9b946e797ce59f8c3d2002c77ddb,cabinet,1
02933112/1cd80ed7f3ab7a5d4da5feafe6f1c8fc,cabinet,1
02933112/1d7b35cda1bbd2e6eb1f243bab39fb29,cabinet,1
02933112/1eed828f325b45bf5f960aba13b9c630,cabinet,1
02933112/1ef44fc1b4cac21af51fa0238791f5dc,cabinet,1
02933112/1f0b5514d93f39ebd189eb81471216ad,cabinet,1
02933112/1f822298caef0302143802691fd0e33f,cabinet,1
02933112/1fe25f0be8d71d6ce2e1a0e8b25f573f,cabinet,1
02933112/2a5535f9e24338c7107bd4405fb99a1b,cabinet,1
02933112/2a22566c3bad34a7d0b36851d61b6fca,cabinet,1
02933112/2c1af98d2058a8056588620c25b809f9,cabinet,1
02933112/2cd30f8ab084d274391fb969ff1ec5ce,cabinet,1
02933112/2dbd6cb6a14805297812c3baf25c5bb,cabinet,1
02933112/2de782c81c89f704c2b64c0adffbe398,cabinet,1
02933112/2f2e54607ea04be4c93bb8ae72b9da71,cabinet,1
02933112/3b3a1bfd87c87a184b499a9d711de5a7,cabinet,1
02933112/3bb0b093c66b1af37a0a46ab3b36f780,cabinet,1
02933112/3bc232700d2ed20b89a68decc32d3e34,cabinet,1
02933112/3d5ef34ce469b11c5af597c14b093f6,cabinet,1
02933112/3d21c18153474a0acf004563556ddb36,cabinet,1
02933112/3d326cbd820a49443a9bf8c718fc345e,cabinet,1
02933112/3efeb00eeba8a6fa2db3e9b673557fcd,cabinet,1
02933112/3f668a006192f1afffcdb54593f6ab3d,cabinet,1
02933112/4aedc26af43f08d08f7d9678498f2295,cabinet,1
02933112/4b2bedb7014636afd38913e96bbf2a5d,cabinet,1
02933112/4b2e20535d3ecd016b7154919b02cbec,cabinet,1
02933112/4b006b7a2215db3d284f6213916dba67,cabinet,1
02933112/4b6c7f81adcc5f7e4b8710a3469971b1,cabinet,1
02933112/4b80db7aaf0dff0c4da5feafe6f1c8fc,cabinet,1
02933112/4bbac921678eb957614319d7d997614c,cabinet,1
02933112/4bda28b19b2f6f865cd4f7d5b0608a,cabinet,1
02933112/4cbb978cef36a5b9c60fe2650bbe2bf8,cabinet,1
02933112/4cede87a6ca6bb876a485daf2a997e28,cabinet,1
02933112/4d3df5ede83cd26e661673811de66400,cabinet,1
02933112/4d3308cc92ffdab432b72c6a3d82ffd6,cabinet,1
02933112/4d79731efe402b0d635469b95109803c,cabinet,1
02933112/4d97127bea831058b26ee99f2f592682,cabinet,1
02933112/4dabd28be1615419546a56a24fdd418a,cabinet,1
02933112/4dcec5b89f1e9e4915dd7d7985e749c1,cabinet,1
02933112/4e31ddf3828a40f3cd525309aaf63a44,cabinet,1
02933112/4ec97e83a1e9725c77a332e31ab74b68,cabinet,1
02933112/4edcf59d45bfff5a5b903ba10d2ec446,cabinet,1
02933112/4f168576511489f91439869d172d3897,cabinet,1
02933112/4fca24001a151a43d7bd133fd14c164d,cabinet,1
02933112/5ab3129036e7b69e278d386bfa54545,cabinet,1
02933112/5b6195448cbcfc04b8cac7fbb9e49985,cabinet,1
02933112/5ba1fc89122c13c5d4a147733422d301,cabinet,1
02933112/5bcb725e26e521364c7384dbb75cab0d,cabinet,1
02933112/5c2d14889827e1fc14038d588fd1342f,cabinet,1
02933112/5d0c82af3d799573eff860318f968925,cabinet,1
02933112/5d765603dfb0f151e367f8f62a7e9398,cabinet,1
02933112/6ab14d89360d0a55ff3ea34d08547895,cabinet,1
02933112/6adbd040ec2f9fb53f07ca1042ba5dfc,cabinet,1
02933112/6b984c6b1e49d9dc59f8e31ca87c470e,cabinet,1
02933112/6ba512e07979da6ba3f4b1457e62c2b2,cabinet,1
02933112/6bf0f5e06cb748bb9671c58246946ed6,cabinet,1
02933112/6c7a1a40e645c48e9c22f14c4b6aad23,cabinet,1
02933112/6c7a2ca9ef6cf7a3ef4e42d70375aed8,cabinet,1
02933112/6c45346990283b7fa2e244117f013369,cabinet,1
02933112/6d30a4d1ed6f4bdbf51f77a6d7299806,cabinet,1
02933112/6d54014c7e0847376bad80b4002b9511,cabinet,1
02933112/6db5a05080eb2480f863ead9331efd45,cabinet,1
02933112/6de399f706f2972970365ad078f710ff,cabinet,1
02933112/6e5ac40051b3e17b697129c0aef9e5f7,cabinet,1
02933112/6e6a324c244158325761a0b53ed37cec,cabinet,1
02933112/6e6801ca4a03a1adc672720c52b0e374,cabinet,1
02933112/6ec7c811025a30a2e3a031805ace4a99,cabinet,1
02933112/6ecb73ea5a117e3fc6647a321d32ae9a,cabinet,1
02933112/6f2ce914b5d4db81e28993aa4d91dd77,cabinet,1
02933112/6f03b6ab474c04a243e5ff23b077c03a,cabinet,1
02933112/7b97739140eebfefaf8acdb77a4cc720,cabinet,1
02933112/7c12c2a7a1957abc8bf788ad2aab0947,cabinet,1
02933112/7dac6c932ca4f2fbb1cbe768f98549bf,cabinet,1
02933112/7e0483b10eb6ae141620773c2aaaa465,cabinet,1
02933112/7ef23a05ff56687087cffb2975eab062,cabinet,1
02933112/7f6d01dfa00872a26cf87f8460db3ae0,cabinet,1
02933112/7f47c97fbda19b57490ad276cd2af3a4,cabinet,1
02933112/7f50a6bb1827b9f582bfcd34215ccfc7,cabinet,1
02933112/7f416248bb57f1c0598f1102685df4cd,cabinet,1
02933112/7f137684240ee0d62fb11210723490ee,cabinet,1
02933112/7fd938d174a81474b4aed946870413c3,cabinet,1
02933112/8b188db0cd8ecb909f076a53721d9427,cabinet,1
02933112/8b24699e1351a78ef8e7f2c38fe37243,cabinet,1
02933112/8b35178a614ee2f462023490a1e05c18,cabinet,1
02933112/8bd6e4ce15468e1ad6eefa796d2f261c,cabinet,1
02933112/8e2f81ceda8e42ee4b4e980f23aaee7,cabinet,1
02933112/8e7dcefda14362f866f6836074ef23fa,cabinet,1
02933112/8e897603bc5217174b8710a3469971b1,cabinet,1
02933112/8ee0fd1d620ac1ea974523dbdd88cc4e,cabinet,1
02933112/8f7a277ae05da76c1bb088904f7cb154,cabinet,1
02933112/8f30bc2f3ae12300a4669f677ccd56a9,cabinet,1
02933112/8f39d603e733eb58fcbe4e14ff0c4707,cabinet,1
02933112/8f55954a0b07a4b2bf64ff63662d244b,cabinet,1
02933112/8fcfa31d1df6e8ec9c2edb56a98b4be7,cabinet,1
02933112/8fd43ffcc981f6eb14038d588fd1342f,cabinet,1
02933112/8fe70b11448dfeef2369c46027bce7af,cabinet,1
02933112/9a2c9e5bda713668674056261e8e6523,cabinet,1
02933112/9a195ea2a21bc7511a4db721d603d852,cabinet,1
02933112/9a24860d7ea8d54f109097154427f779,cabinet,1
02933112/9a688545112c2650ca703e831bf56f93,cabinet,1
02933112/9b28e4f5c66daae45f29768b6bb620cb,cabinet,1
02933112/9b33a5363695ebc3391e4d6c585a697a,cabinet,1
02933112/9d2bf81532da5823b69348aaef501740,cabinet,1
02933112/9d59bf323b297b327885a2b9445961bb,cabinet,1
02933112/9deca642cbf3e4ef49a734174fea032e,cabinet,1
02933112/9dfac0132596ff09b13b0af4c7a59aa0,cabinet,1
02933112/9e53d5b34c4b403841b765d3dbd065f7,cabinet,1
02933112/9ea0005f3d702b4f6cc679ef84e06ad6,cabinet,1
03636649/1a963b28c5520cc737b2bb75885cfc44,ceiling_lamp,1
03636649/1a87883fd4f52527e21c35aa7a22a003,ceiling_lamp,1
03636649/1c9283c95c8bddd5efacb264ebf1ec75,ceiling_lamp,1
03636649/1d2c2f3f398fe0ede6597d391ab6fcc1,ceiling_lamp,1
03636649/1d5ed34e8ccd86a88c94c2386714981e,ceiling_lamp,1
03636649/1dc135b611b2f4b2fcb8d8c6d4df8143,ceiling_lamp,1
03636649/1e4fd4cc6fee7cb2fcb8d8c6d4df8143,ceiling_lamp,1
03636649/1f30b28f2dfe65a21735ea0e092a805a,ceiling_lamp,1
03636649/1facaa0eb35496fb69783ac218a8a2bf,ceiling_lamp,1
03636649/2a52bd01472ec7e1589ec67c01f5c1a7,ceiling_lamp,1
03636649/2b194d6bed8daa82c0b2dda5ff15ea28,ceiling_lamp,1
03636649/2ceeb17225f4e460d493bfe20f94b6ab,ceiling_lamp,1
03636649/2d2a1da36b840ecfd49b2e04785f8492,ceiling_lamp,1
03636649/2d638c6b6b2feb9248da169d95204ce2,ceiling_lamp,1
03636649/2da9d9bea10d936e23c0d2e0152e91b5,ceiling_lamp,1
03636649/2df829fa60a85466a2f2a5c7a758a47,ceiling_lamp,1
03636649/2e583ea74f46aee239b3360f500ac52a,ceiling_lamp,1
03636649/2e3679df6678e8776908456c5f4ff3f3,ceiling_lamp,1
03636649/2ed7e410931f984cd59517820ada1bea,ceiling_lamp,1
03636649/2ee70ee71a0b7caeb15194162f658e87,ceiling_lamp,1
03636649/2f02e4f875d651b3c066b9622c005c53,ceiling_lamp,1
03636649/2f6f1fe66631572c6c5b8009db95f66f,ceiling_lamp,1
03636649/3ac0f4d87162625dfcb8d8c6d4df8143,ceiling_lamp,1
03636649/3b64d5033c580d2ef76898f881b76a,ceiling_lamp,1
03636649/3c1c411ce82c4c43f193a5d512f2c2fa,ceiling_lamp,1
03636649/3c9f0efc08817ab6fcb8d8c6d4df8143,ceiling_lamp,1
03636649/3ca37e415fe44ec2ebeb1e6a8111f53,ceiling_lamp,1
03636649/3cca977e9e6ae9e181a172d69c52a28a,ceiling_lamp,1
03636649/3d26aa294ad1cabcfcb8d8c6d4df8143,ceiling_lamp,1
03636649/3f7eb5ef5d304040d847cb32379eb854,ceiling_lamp,1
03636649/4bf29c47c18e7020fcb8d8c6d4df8143,ceiling_lamp,1
03636649/4c5a9be10106d239b0957d845ac33749,ceiling_lamp,1
03636649/4c1912cae9d53594fc26f53456c58834,ceiling_lamp,1
03636649/4c4078f8206ef3cfe13094731a5351fc,ceiling_lamp,1
03636649/4e54fc131882f2233c8d0fdfb1cc2535,ceiling_lamp,1
03636649/5aaf61da59f1c0773225afab722d9fd2,ceiling_lamp,1
03636649/5ec6c52d6d5dbbddded4c23d05709216,ceiling_lamp,1
03211117/5cb4fac8452906f66ba14bfd91a75020,picture,1
03211117/23c99db82c910931e2c8e43c97ec5a85,picture,1
03211117/e38a7ba01d45953ccb7547c95fbdff26,picture,1
03211117/2cb149b137f5182ec2c4d83da2705396,picture,1
03211117/3f83beaa4da6209dca62ec94d15d08,picture,1
03001627/1a6f615e8b1b5ae4dbbc9440457e303e,chair,1
03001627/1ab4c6ef68073113cf004563556ddb36,chair,1
03001627/1b3c286bce219ddb7135fc51795b4038,chair,1
03001627/1b5ab441fb8e3b1b450621b513a975bb,chair,1
03001627/1b6c268811e1724ead75d368738e0b47,chair,1
03001627/1b7ba5484399d36bc5e50b867ca2d0b9,chair,1
03001627/1b7bef12c554c1244c686b8271245d1b,chair,1
03001627/1b80175cc081f3e44e4975e87c20ce53,chair,1
03001627/1b92525f3945f486fe24b6f1cb4a9319,chair,1
03001627/1b83311557e48d6328145ddc1e2c18e1,chair,1
03001627/1bb81d54471d7c1df51f77a6d7299806,chair,1
03001627/1bcd9c3fe6c9087e593ebeeedbff73b,chair,1
03001627/1bcec47c5dc259ea95ca4adb70946a21,chair,1
03001627/1bdf0a0bb9db1db68998b3b64a143d42,chair,1
03001627/1c2caacac14dfa0019fb4103277a6b93,chair,1
03001627/1c6eb96eab5e75b67b79156a61ad4c01,chair,1
03001627/1c17cc67b8c747c3febad4f49b26ec52,chair,1
03001627/1c199ef7e43188887215a1e3ffbff428,chair,1
03001627/1cad298ed14e60f866e6ad37fee011e,chair,1
03001627/1cc6f2ed3d684fa245f213b8994b4a04,chair,1
03001627/1cd152cfd71cd314e2798a633e84d70b,chair,1
03001627/1d9bc60209572861473f10e6caaeca56,chair,1
03001627/1d9dbebcbb82682bf27a705edb2f9ba6,chair,1
03001627/1d37a7fbe0810f963e83b2d32ed5f665,chair,1
03001627/1d99f74a7903b34bd56bda2fb2008f9d,chair,1
03001627/1d498876c8890f7786470a1318504fef,chair,1
03001627/1d1641362ad5a34ac3bd24f986301745,chair,1
03001627/1dc63eb0c6b1102f5369e32fb818f337,chair,1
03001627/1e4fb9149de6be81f51f77a6d7299806,chair,1
03001627/1e6f06d182094d4ffebad4f49b26ec52,chair,1
03001627/1e7bc7fd20c61944f51f77a6d7299806,chair,1
03001627/1e15f238da6b4bc546b9f3b6ee20ff4b,chair,1
03001627/1e40fef11894c4b9ce4f274577283b16,chair,1
03001627/1e67e443849379fd6666a748bda83f67,chair,1
03001627/1e9004958eb935b2ef2777c7d8e09db2,chair,1
03001627/1eb8558d0f6885a1268ecf2838ad6f15,chair,1
03001627/1efb3d9f1cd2499c5339eb67f6086a2b,chair,1
03001627/1f1b07bf637b3a1582db9fca4b68095,chair,1
03001627/1f5a2c231265aa9380b3cfbeccfb24d2,chair,1
03001627/1f8eaa7aededc7e637b2bb75885cfc44,chair,1
03001627/1f501c5ed6423e259c89c86daa5af59d,chair,1
03001627/1f65075818c1d832c05575120a46cd3b,chair,1
03001627/1fb9ffbcd38f8ba63eec26c23f5bc80b,chair,1
03001627/1fccc2ac4bfd3da535836c728d324152,chair,1
03001627/1fe33fe022779bf8b0957d845ac33749,chair,1
03001627/2a0f4fe08cec3d25680876614ed35a7f,chair,1
03001627/2a39dbeb52262b975babe43b460dfe6e,chair,1
03001627/2a56e3e2a6505ec492d9da2668ec34c,chair,1
03001627/2a445cdc8cac449271c43550cfb383a8,chair,1
03001627/2aa1d5cc784b0b65f51f77a6d7299806,chair,1
03001627/2ab2ec342a3b2a45c242632b2a8c3129,chair,1
03001627/2ac24756c1adbd62c1a25f36f85c3fd6,chair,1
03001627/2ad0943e70c0bd1481f667e2a25e0619,chair,1
03001627/2ae70fbab330779e3bff5a09107428a5,chair,1
03001627/2b5953c986dd08f2f91663a74ccd2338,chair,1
03001627/2ba1779986eb9546f51f77a6d7299806,chair,1
03001627/2c6fa3007e79013cc3cf9ae716575390,chair,1
03001627/2c149e5ab744616f60ac8f16dfbc3b59,chair,1
03001627/2db6c88145049555e6c5cd45aa112726,chair,1
03001627/2f1a67cdabe2a70c492d9da2668ec34c,chair,1
03001627/2fb9c50ebbd98075ba5342d638d0c267,chair,1
03001627/3a0e392db610f1a1504d5af97121b5f,chair,1
03001627/3aa81c6d6d7d7d66c08256cf85537e,chair,1
03001627/3ae2857e04641093b0957d845ac33749,chair,1
03001627/3b88922c44e2311519fb4103277a6b93,chair,1
03001627/3c4ed9c8f76c7a5ef51f77a6d7299806,chair,1
03001627/3d63ad34e3deca1982db9fca4b68095,chair,1
03001627/3d629d27b74fad91dbbc9440457e303e,chair,1
03001627/3dd04235c696c117db6d2ff65cc5b310,chair,1
03001627/3de9a7a40851ceb971a782a4379556c7,chair,1
03001627/4a89aad97f4c503068d1b9a1d97e2846,chair,1
03001627/4a1510e398260ba36b31862e09495f2,chair,1
03001627/4aa70df1db0ff6ce2d19175e7d19b7cb,chair,1
03001627/4aafa7600e0aacbf7b11ae648ea92233,chair,1
03001627/4ab439279e665e08410fc47639efb60,chair,1
03001627/4abbd2b632d3aeae4b3c42e318f3affc,chair,1
03001627/4abbf49c3177b32c9f613b70ec8c2f82,chair,1
03001627/4ad85a7d1ebf49e3490ad276cd2af3a4,chair,1
03001627/4adde89dd6db1c4845e13b6ba9ac0cd3,chair,1
03001627/4b95e968966fafc6e0675251723e1e08,chair,1
03001627/4b366b7995cd8d7fce4f274577283b16,chair,1
03001627/4b495abfcbcf4b76ad484915511ccff6,chair,1
03001627/4b904e1d68d09dd3e15e36ac023c5182,chair,1
03001627/4b35795a0ba482cb4f3443b22038d340,chair,1
03001627/4b785965d54454a4e82cbac5cad4b7d3,chair,1
03001627/4c30d612b8663402492d9da2668ec34c,chair,1
03001627/5ad4512976afc746564eaedaeaa04f28,chair,1
03001627/5ae7ef4cfaa6bd85b04cb542e2c50eb4,chair,1
02871439/1ab8202a944a6ff1de650492e45fb14f,shelves,1
02871439/1b35d8bb3a01668f6fa63795f94c4d8c,shelves,1
02871439/1b3090bfb11cf834f06824a9291300d4,shelves,1
02871439/1c1795169de018b97948cb8e1d9ee487,shelves,1
02871439/1d3014ad5c35944f9af68b4b3261e1f8,shelves,1
02871439/1e46876da968e5de233e9dd8288dd718,shelves,1
02871439/1ecd9316bf586354ae25f6fe802a8997,shelves,1
02871439/1f6ba924c72ae8c46612c99aa973796b,shelves,1
02871439/2a3ce38991b93107275d003e423c59ba,shelves,1
02871439/2a40f207dfd0d77727eecd8b185d6f50,shelves,1
02871439/2b9bb02f657a0e582ade7345ab5b0cf6,shelves,1
02871439/2c86a69902c2df5f6831079c2c481dd3,shelves,1
02871439/2d68b12e799ec982df18258a84843c90,shelves,1
02871439/2d628b78cef91948636882dec160c4d5,shelves,1
02871439/2efb3ad49fa103b1cc786970133d7717,shelves,1
02871439/2f8f1d7cd9f61a07b1edbf57c29e5fb3,shelves,1
02871439/2f703181d8069cd0d42b9650f19dd425,shelves,1
02871439/3a9d74e3bdefe4107550c20897273f9e,shelves,1
02871439/3a3015426ff544c46fb17e2962e0eb20,shelves,1
02871439/3ba1563f381785bc6739a7caa0c577bd,shelves,1
02871439/3bff6c7c4ab1e47e2a9a1691b6f98331,shelves,1
02871439/3c9f48785776ee8efcd4910413c446d9,shelves,1
02871439/3c5225f973732610664b3b9b23ddfcbc,shelves,1
02871439/3c8722f2c0cba2f1788f926f4d51e733,shelves,1
02871439/3cdcdefc72c3760596dd43aa0ec847c9,shelves,1
02871439/3cee003b8928f425d810b14a81e12eca,shelves,1
02871439/3d91b6fac7df81e4b209708994baff7,shelves,1
02871439/3d554cb7c74d1fa0820018801b237b3d,shelves,1
02871439/3d422581d2f439c74cc1952ae0d6e81a,shelves,1
02871439/3edaff50f5355da2666ec9bdd91ab5f1,shelves,1
02871439/3edc5b95b8d629931a75b4e96d345a5a,shelves,1
02871439/3f543bc217133f7369867582939a3cf7,shelves,1
02871439/3fa60816f15b58c4607974568e26586f,shelves,1
02871439/3fe283e402ab8785937a1594070247a0,shelves,1
02871439/4a9731874f7472e2a3017456b64dcf36,shelves,1
02871439/4b9c35238db89e93464280042b597d,shelves,1
02871439/4c773fb32c39ef14891a7a8a744cd90d,shelves,1
02871439/4cf8fd9b396d0d24868bb660c8b7e409,shelves,1
02871439/4e26a2e39e3b6d39961b70a6f96df2a4,shelves,1
02871439/4eda0d3b5aedcf8a200ad3f421b6c3d0,shelves,1
02871439/5a163a048d89f667731124f40d99e6f,shelves,1
02871439/5b39e6a8f57199409bda39e34f423da8,shelves,1
02871439/5b794f8cee0075b53e96e486ca7cfab0,shelves,1
02871439/5c7914575a4f671d4b209708994baff7,shelves,1
02871439/5e60b8632d1d2c665dd0ef7a12d95543,shelves,1
02871439/5ec9bedab0bfa761664b3b9b23ddfcbc,shelves,1
02871439/5f1abf912782e0d7350be33372161c1b,shelves,1
02871439/6ae80779dd34c194c664c3d4e2d59341,shelves,1
02871439/6be63942b2fe82eefcd4910413c446d9,shelves,1
02871439/6cb507b4c8931bc51e006d63cfdcac0b,shelves,1
02871439/6d5e521ebaba489bd9a347e62c5432e,shelves,1
02871439/6db2136ad0de3cded810b14a81e12eca,shelves,1
02871439/6dc2a415f75f0500cbf7082b5354e908,shelves,1
02871439/6e8a54f0f1d0c698b4dbc260302abeb4,shelves,1
02871439/6e2622466f6264098a653a9f65a410f6,shelves,1
02871439/6ea3f59ca5b732f01bc471cd5b795bf0,shelves,1
02871439/6ebfa572d4501a9b680acf911e95b6a6,shelves,1
02871439/6f46c38f86fa961ed2f1945599cd5176,shelves,1
02871439/6f65749bdf82cca8d810b14a81e12eca,shelves,1
02871439/7bbd940fe725689fd320119b2e676c6a,shelves,1
02871439/7bc107131eb35d089de7cc26da67a42a,shelves,1
02871439/7c93c71c1ca57d5c9c71f681ea4c5bae,shelves,1
02871439/7c1982d2d4a240de3848bf8bbe386d81,shelves,1
02871439/7d8a58d4c6dae408b4e3935c6cee4b35,shelves,1
02871439/7f40e1a4fd8344228ab882e168bd8706,shelves,1
02871439/8a5783031f99e9d5c8bec3671aea0fa5,shelves,1
02871439/8db6a080f00b52e46b8fdc9bc8edc250,shelves,1
02871439/8eeacd5e91d7f70e9881fc457f8cf42,shelves,1
02871439/8f0baf74e4d91b0d7b39f9a454e866f6,shelves,1
02871439/8f16bba329b15e6bdc219d6984e72318,shelves,1
02871439/8f94fb5a0fd17a0b68d1b9a1d97e2846,shelves,1
02871439/9a078a05f9ffff1b28f28448e3bb829e,shelves,1
02871439/9b958222d9673b664b3b9b23ddfcbc,shelves,1
02871439/9bebf2913d515b5c66bc0e25cf103e1a,shelves,1
02871439/9c3319cb3c0a2ccccfb1f9b76452480a,shelves,1
02871439/9cef7572697b44ede98e4da245e0b83,shelves,1
02871439/9e23b733b160313ed260ba674fb1fc01,shelves,1
02871439/9e509b3774ee8c0a398c13334e998500,shelves,1
02871439/13d1ffe8682729b29af4053b8815b239,shelves,1
02871439/14e2cc3454ffcc65cd1d915262958e02,shelves,1
02871439/14f0caee76872a89571be7eae57ba8b5,shelves,1
02871439/18fe362284ba7ca4d810b14a81e12eca,shelves,1
02871439/21e537b6d8b8276fd138a53ab0d038a5,shelves,1
02871439/22cc76cf032e93d63f200afe6e0af4d6,shelves,1
02871439/24c62fe437ecf586d42b9650f19dd425,shelves,1
02871439/27dd0e22a3151fbbd8d04e687db9eb6b,shelves,1
02871439/28af0f5a5e055917b52c730840dc727f,shelves,1
02871439/29b66fc9db2f1558e0e89fd83955713c,shelves,1
02871439/30f45a446153b9f1fab6e40cce6926d7,shelves,1
02871439/31a777c94501faee5ab608caed81de7c,shelves,1
02871439/33b29c9e55250cc57f0bdbbc607f1f0e,shelves,1
02871439/33c1b4d529f6899bd810b14a81e12eca,shelves,1
02871439/34d5923ee8b8a6333bb4a1304fe504d3,shelves,1
02871439/34e73c7fb43d489cd810b14a81e12eca,shelves,1
02871439/35afa1b806556803e99c79bad29da781,shelves,1
02871439/37c2dc5d7a2c19ecb337d5f45e24e31,shelves,1
02871439/37e570eb9cc1bc7b50fe7d207ee3a1a6,shelves,1
02871439/38be55deba61bcfd808d50b6f71a45b,shelves,1
02871439/39ef7e982d00763560507fdad4357e06,shelves,1
03636649/1b79210962721517fcddd74ee6c69025,table_lamp,1
03636649/1e0f7ff92144792ac3ab13a0474803d5,table_lamp,1
03636649/2e18c1bd23e4d89dbb6d3a4b6666d91,table_lamp,1
03636649/2f46b8a15b15439d713f2e93cbeac35d,table_lamp,1
03636649/2f972bfe152e4c23f36ea1eb6542fe7e,table_lamp,1
03636649/2fa7dbc66467235e2102429c788ba90,table_lamp,1
03636649/3bd57e05db01e224e7e684d25d4dcaf0,table_lamp,1
03636649/3ccfbe8b56a3b181276206fae5d3c473,table_lamp,1
03636649/3dda46a537bc16e689ab11a408196888,table_lamp,1
03636649/3f22e6719decb1bb3a9ec79b9c5da99b,table_lamp,1
03636649/3f968096c74ee3a3b04a2e6a78ff6c49,table_lamp,1
03636649/4aee1567027d9dd14357a62465045ec4,table_lamp,1
03636649/4b48b7f72cb4f56ef00f0216ab99ff30,table_lamp,1
03636649/4cda1ff0899a6fd5f58da08b07a975ff,table_lamp,1
03636649/5de6d462706587e9f0f9e9e64b6b41ce,table_lamp,1
03636649/5ed0d3a50d9d77dcf1dc60fdf1e64165,table_lamp,1
03636649/5f943996d99dcf59726dbbf7bc5e4df3,table_lamp,1
03636649/6bb38bc6fdb6adc359c5c7ba83ec931a,table_lamp,1
03636649/6c33f42a0f97360143dbb6421d614c0d,table_lamp,1
03636649/6dcbc7efc9369de386a5dcc6ebde687f,table_lamp,1
03636649/6de220e49cf87c6bb15194162f658e87,table_lamp,1
03636649/7d097f4b38f0a8a65b6c7da997b0e5e3,table_lamp,1
03636649/9a98a0088ac6d37a2c5b2f528cea9dd6,table_lamp,1
03636649/9a244723bfef786294cdfc338037bd95,table_lamp,1
03636649/9adee08c737c7c134c6deb9ede0648df,table_lamp,1
03636649/9af0807b146c564a45c4ecb2f4b73702,table_lamp,1
03636649/9c3646d9db630e1d6bab719bf4ec73ef,table_lamp,1
03636649/9c6084d24011c791c8107db508bde472,table_lamp,1
03636649/66acf7f6883db6a377b9297f3055210,table_lamp,1
03636649/67e18db74dfcf7f418df0876cc6aa6ac,table_lamp,1
03636649/75ae2c70aaf3c818d9c283deb7cdce0f,table_lamp,1
03636649/84ab363e60b9bd9185d624cfcd9a37a7,table_lamp,1
03636649/92bdae8c11323fc518df0876cc6aa6ac,table_lamp,1
03636649/101d0e7dbd07d8247dfd6bf7196ba84d,table_lamp,1
03636649/381c2fb265c32cb093be5e169656ef71,table_lamp,1
03636649/382e40ed472250924f3443b22038d340,table_lamp,1
03636649/451fe793f6e8fc29276206fae5d3c473,table_lamp,1
03636649/639c2bfefe1bb6af1cce8c25b11ccdd9,table_lamp,1
03636649/684b06c007aa83873c2e0b170f2ad8bc,table_lamp,1
03636649/914a876b24bea577e97426e55fb77981,table_lamp,1
03636649/2691d3491111def44674c364bb213983,table_lamp,1
03636649/5428e217da1af02822a33e080d0e71c,table_lamp,1
03636649/7603ca578be87f24b48d582908a164ed,table_lamp,1
03636649/8006e3cb3ba934a05b977412e02c412c,table_lamp,1
03636649/8464de18cd5d14e138435fc2a8dffe1b,table_lamp,1
03636649/27910c314eadb1109998b4eb812699dd,table_lamp,1
03636649/52284fc0b5822495ce140b3448f2e640,table_lamp,1
03636649/368188e7a9b9e1d3c24c2251620b1cc4,table_lamp,1
03636649/369555d5aca3e7e65a31d91ec836a511,table_lamp,1
03636649/421734c234a9ecce5c166769fb8a1974,table_lamp,1
03636649/2161683c44a7dc356bd865f153842b49,table_lamp,1
03636649/6068920e350f1fcef04bb0474a98ba2b,table_lamp,1
03636649/872407329ce09557bced73c51e99f8b2,table_lamp,1
03636649/4003077668e23d6c9998b4eb812699dd,table_lamp,1
03636649/a1f602d18e9c0f06733c22d8b8e1c33d,table_lamp,1
03636649/a34db84654a9685f54386f3e4b944407,table_lamp,1
03636649/a47a54ea870ac35396280c8d384f22e4,table_lamp,1
03636649/a90fa89d0cb8ec989cd3f9e8648111d1,table_lamp,1
03636649/a0858fbc08ec5e34e7e684d25d4dcaf0,table_lamp,1
03636649/a87825df690f900c408d050f12518231,table_lamp,1
03636649/a138582b1d0b9cbb137af984a9f45d65,table_lamp,1
03636649/a5423069e30181a019655a581ade300e,table_lamp,1
03636649/aa381aff183b1427b7d9d23574a480ae,table_lamp,1
03636649/aa4720a899ddf5456a5c4fd998d89f43,table_lamp,1
03636649/ab8afd0f2f10be4f3443b22038d340,table_lamp,1
03636649/ab7895189ef13e754f3443b22038d340,table_lamp,1
03636649/b1dc9ca886ac0cabb924fe739b83941e,table_lamp,1
03636649/b5a223ea93f39c2c961b70a6f96df2a4,table_lamp,1
03636649/b8e26fbbb44def8d1deb48513aeadf93,table_lamp,1
03636649/b9a8cb27dbbcdb2a404a436d0f18c82a,table_lamp,1
03636649/baddae470b28db0482e23b5f9fd46e1e,table_lamp,1
03636649/bb53a3c6ac9cbd386fa63795f94c4d8c,table_lamp,1
03636649/c4dcfcc8c434f13230584014222e685,table_lamp,1
03636649/c7c15b7d23fdfd98808760409d52a60d,table_lamp,1
03636649/cd0f2eaac6719a3ddb039d8689a74349,table_lamp,1
03636649/cec61b6fb378925e498725b9a1405ebb,table_lamp,1
03636649/1ae630bed26fcf4d448e1c9934d83117,floor_lamp,1
03636649/2ac3b0a04514988e8c451c71f65d5dec,floor_lamp,1
03636649/2e5a58c43539442a6858978be907b0c1,floor_lamp,1
03636649/3c012309d5c68153302ef84771572fcb,floor_lamp,1
03636649/4aba50849f4d24d7581fd19c35a5c8c,floor_lamp,1
03636649/4dc9f86110ea40aaa570c6c691c987a8,floor_lamp,1
03636649/5dbb2120f2f828d28aaae3d020f5ddf8,floor_lamp,1
03636649/6e1fe96adbb5ffba8bae2d07dadd1b5d,floor_lamp,1
03636649/6f4f8f3788da22817217386867d08cc,floor_lamp,1
03636649/9c5a4f568399539b47afb7a57d27bf15,floor_lamp,1
03636649/9fde9f07e6217b7490c2e24416edfe5b,floor_lamp,1
03636649/12aa829de18f4e6ad5cb6d178687b980,floor_lamp,1
03636649/33e210ccfa79a0ed581fd19c35a5c8c,floor_lamp,1
03636649/36c1653a021a526319620b61f6587b3e,floor_lamp,1
03636649/36cbe594af434ef9a89ecd28750d46ac,floor_lamp,1
03636649/48f878a6176591190c2e24416edfe5b,floor_lamp,1
03636649/50f14b490f3f4589f51f77a6d7299806,floor_lamp,1
03636649/89cb9b2ad175b833cadf6344ec272e8,floor_lamp,1
03636649/185e37856f55b2c4e9aa07397ea1cf8d,floor_lamp,1
03636649/374ee0d01fb25ecc9bad7d7f6ef7bb21,floor_lamp,1
03636649/787bd789cf2aab676e0185e256a599cc,floor_lamp,1
03636649/87254ebbd9e57bb84dd6c3274cd9823,floor_lamp,1
03636649/8422870b0a65255d5cae1a083183a237,floor_lamp,1
03636649/3330789450af921544fe3ba945082ada,floor_lamp,1
03636649/a2f760540b18eac2dbde8847d3101230,floor_lamp,1
03636649/a0812cee3fff72103ca265f557f5dc3e,floor_lamp,1
03636649/a172874df5369cea1e70766334ac46af,floor_lamp,1
03636649/b474613907b293682f8b82e61bb347fa,floor_lamp,1
03636649/bc800138650bc4a6c7c8ce3bef5c2aa9,floor_lamp,1
03636649/c6755ed48456490d2744bf8869518694,floor_lamp,1
03636649/e7b9477eaf6e2b64fe755e3418b63110,floor_lamp,1
03636649/ea9ec4d9db2e06202471e6dd5ac3ef92,floor_lamp,1
03636649/ea9721231b1369c93ffd072b23bde58,floor_lamp,1
03636649/ed45838f0c557b778a0c77569eaa010f,floor_lamp,1
03636649/f049bbd180d89cb5490ad276cd2af3a4,floor_lamp,1
03636649/f69d3903096b6bb78ca4aeb5e3b33af7,floor_lamp,1
03636649/f72efa4574100c12a8930422448288ea,floor_lamp,1
03211117/1c47397db49047b9d35d1c787a8f626e,television,1
03211117/1dd8b03b590dc0ff9470c43f253f33ee,television,1
03211117/2d0b890161ac04b4a4d9f38918617d27,television,1
03211117/2d8a4b48acaf84d791bf924be509bc17,television,1
03211117/3b01bed34001c78211eba86b475bafe7,television,1
03211117/3ee0923254671a1ef2bc9da1ba799c60,television,1
03211117/5cbdebf9422d9858dcabaa2ad147fa73,television,1
03211117/5e7034ba47012cf088c7562a134f5ac2,television,1
03211117/7a89e5ca49a48bf6fc22823f73266007,television,1
03211117/8f9c63f788d0044dedea6f8de4918c9e,television,1
03211117/15ccd76ba83a2e02b0f9d182eb000fb,television,1
03211117/15e7231a97ccf7953aeb14563b37e04a,television,1
03211117/31ea284fd46d2d6013d823b13369c182,television,1
03211117/32be865d1baf7eb9ca4aaad7dc0e3a16,television,1
03211117/34f6cff3e8fb6315fc2aaecaba21de51,television,1
03211117/44f363137d006f3cf7fe2bde3ab894f,television,1
03211117/51b92bb1df3b1a10ad1d87becf13ddd9,television,1
03211117/52a7f3e36d09848ca63c1bd05197cc,television,1
03211117/56dee4eb44b2f0e64a6b6d001599a1e5,television,1
03211117/70dacf62da510868a5ff93a193b16554,television,1
03211117/75ba7901816b273fe24979df4ff99c50,television,1
03211117/76b4b83212ffcbe034af0ed44f2ab2fe,television,1
03211117/233a7970efc2594b26735a5c7bb362c0,television,1
03211117/692db5a6fb6cea2174649592553d1a1f,television,1
03211117/777a8a1c887779f47ac59aba6f9a1449,television,1
03211117/813b3e438a8fcb189d9f3b4d1ec94c69,television,1
03211117/877cadd597775369ec059109909662d2,television,1
03211117/7560f6f70263aeb9f5b8dd4ebdc4068b,television,1
03211117/31512a50c12258726ca2b6e5474aad11,television,1
03211117/58426d216f393034d24e3068806a8c67,television,1
03211117/94525af6a244a33c21d7ca6ede0e9373,television,1
03211117/4476577ff4776f5fa3ca88ef9e9610f4,television,1
03211117/aa99cc4323af7144e7321f25048c6142,television,1
03211117/ab729d209e3ebe2fb3cfe9e599b99e13,television,1
03211117/ac06493582be880388c7562a134f5ac2,television,1
03211117/aef2bbdc3b1e9e026a5e01bb88954fd1,television,1
03211117/b13c22f9eda41f328c504ffda4ce2aaa,television,1
03211117/b47b05891c5161189722ef9ae1c74e1,television,1
03211117/c4a41bdc2246d79743b1666db9daca7c,television,1
04256520/1a4a8592046253ab5ff61a3a2a0e2484,sofa,1
04256520/1a9d0480b74d782698f5bccb3529a48d,sofa,1
04256520/1a78f3397910037885f6153ed2033a1c,sofa,1
04256520/1a201d0a99d841ca684b7bc3f8a9aa55,sofa,1
04256520/1a477f7b2c1799e1b728e6e715c3f8cf,sofa,1
04256520/1a38407b3036795d19fb4103277a6b93,sofa,1
04256520/1a525427776b39259c89c86daa5af59d,sofa,1
04256520/1aaee46102b4bab3998b2b87439f61bf,sofa,1
04256520/1aafe6bb91e66b1a22e6294dfcaabbc8,sofa,1
04256520/1acdc3f794d927fd63fba60e6c90121a,sofa,1
04256520/1af92afe68b3f837f51f77a6d7299806,sofa,1
04256520/1b4cfb30e4f49edb4b3c42e318f3affc,sofa,1
04256520/1b5ae67e2ffb387341fbc1e2da054acb,sofa,1
04256520/1b5bd45428de094f593ebeeedbff73b,sofa,1
04256520/1b17f84df81e0165e336453ccee6eebc,sofa,1
04256520/1b25f96d97a94b05125abe33bf4f0061,sofa,1
04256520/1b28eabac10276cb7062f2d72cde5c95,sofa,1
04256520/1b0432fd7b56f7e219fb4103277a6b93,sofa,1
04256520/1b8894ce5f53e0007143b902ce4e435d,sofa,1
04256520/1bb31ffee286d9687597e1f94410131a,sofa,1
04256520/1bbc63fe00a7c3e2bbc7a6acbd8f058b,sofa,1
04256520/1bce3a3061de03251009233434be6ec0,sofa,1
04256520/1bfb1f52f2200860c3eb4329189b69dd,sofa,1
04256520/1bfe2d5a13298b40eaf288f952624966,sofa,1
04256520/1c2fa78dbf2d2cda9e02fc85f824870c,sofa,1
04256520/1c4bfbfceb9e579c708f430fbe4ae8ff,sofa,1
04256520/1c7c7a7b20831d699cd2678508cc27b8,sofa,1
04256520/1c9d333bda4b2977f92f3e7bff4c4ab0,sofa,1
04256520/1c912a8597962f1514038d588fd1342f,sofa,1
04256520/1c756525061c4b0b4f3443b22038d340,sofa,1
04256520/1cd54be30a2aa4effe3e4e51c69744ad,sofa,1
04256520/1ce97f222c9caeac14038d588fd1342f,sofa,1
04256520/1d3dcb5fe999334f83de73f58b2fc4ff,sofa,1
04256520/1d4d7533d453ace4dae12f3947d07dec,sofa,1
04256520/1d19f508f104e881a239479de51795b2,sofa,1
04256520/1d86fbf39c3d2954222713fd18dc031,sofa,1
04256520/1d5675c6d28fcaa0f797b840852566c8,sofa,1
04256520/1d6250cafc410fdfe8058cf23f6382c1,sofa,1
04256520/1d8716f741424998f29666f384be6c43,sofa,1
04256520/1d31309c617d32b51652e2e95099f284,sofa,1
04256520/1d878962087fbab2350c104b3ba8ddb,sofa,1
04256520/1dab0c0c72f9cd6f593ebeeedbff73b,sofa,1
04256520/1db7c7411c5d957918f52c8a4cfcbe33,sofa,1
04256520/1dcb4a52dbd349ceb9b8611336bc3051,sofa,1
04256520/1dd6e32097b09cd6da5dde4c9576b854,sofa,1
04256520/1de06749f136ec8da066c1f884f0378,sofa,1
04256520/1de7678ce07c845e91ae3c216ac0d5c8,sofa,1
04256520/1e4eb3bad18b75f23d6e282938a47f9e,sofa,1
04256520/1e6d5797be45c5a4443764597a072223,sofa,1
04256520/1e70ddc0e4cef3a832a785b4a7e37e67,sofa,1
04256520/1e658eaeeb68978214038d588fd1342f,sofa,1
04256520/1e887a97e283f6dc4b3c42e318f3affc,sofa,1
04256520/1e71489bb315efa0eea222b336f100f0,sofa,1
04256520/1ebf04ee0e620619ea006adb8af93414,sofa,1
04256520/1ee15a07c2845ab1b9f43426f477bd71,sofa,1
04256520/1f0f9a821671271eaf288f952624966,sofa,1
04256520/1f9cf65275610cff14038d588fd1342f,sofa,1
04256520/1f28f2ccce4940f2c6fe57159221338c,sofa,1
04256520/1f74a21433c43c784209d14d674fb332,sofa,1
04256520/1f860a494cd615fc7d4bf609d539b368,sofa,1
04256520/1f899a4f5418158f6721e288acfdbcb2,sofa,1
04256520/1f8098eb2fe947398dc38b92af981645,sofa,1
04256520/1f741437c1dcadc82d19175e7d19b7cb,sofa,1
04256520/1f620792984f66fd22c3a2386a9dfbe9,sofa,1
04256520/1faa4c299b93a3e5593ebeeedbff73b,sofa,1
04256520/1fb52b6bac60286afebad4f49b26ec52,sofa,1
04256520/1fd45c57ab27cb6cea65c47b660136e7,sofa,1
04256520/1fe1411b6c8097acf008d8a3590fb522,sofa,1
04256520/2a7fb9c95b0e8eec8de75bb03756213a,sofa,1
04256520/2a9da31660f0c0b73505e48e4fe20c28,sofa,1
04256520/2a9fbcc138834d07a6bc98af4c2f54ca,sofa,1
04256520/2a98f28036915f805510d59f3ab1ed64,sofa,1
04256520/2a154c6f14a749179f6fd848d2db8a5b,sofa,1
04256520/2a310d5bb9e5b1ec162227055a96104e,sofa,1
04256520/2a07656f030d682536c2acd70c777ff0,sofa,1
04256520/2a8554af80cfa5e719fb4103277a6b93,sofa,1
04256520/2aa0288017b4e249f6a7b03b801e1d47,sofa,1
04256520/2ab2a7cdbd8770318f17764fa642770,sofa,1
04256520/2ae32451bd6b947e593ebeeedbff73b,sofa,1
04256520/2b4de06792ec0eba94141819f1b9662c,sofa,1
04256520/2b5d99fd8dbdb44141cf86c757faf4f9,sofa,1
04256520/2b7e704b07fd21febe65001d50394fd9,sofa,1
04256520/2b8a9009d91dc09863d467b618e97922,sofa,1
04256520/2b8d1c67d17d3911d9cff7df5347abca,sofa,1
04256520/2b49c5bb1f8f8e50febad4f49b26ec52,sofa,1
04256520/2b64dbb623899dec7bdbd1926dd38bdb,sofa,1
04256520/2b79edc3da006592395a2b8836b4be75,sofa,1
04256520/2b73510e4eb3d8ca87b66c61c1f7b8e4,sofa,1
04256520/2bb1b5865455b2b814513156cf2b8d0d,sofa,1
04256520/2bbd5947aca68a81d329e53feaade57,sofa,1
04256520/2bc74fa3617de19fd5bfda5cabec2102,sofa,1
04256520/2bc178dc567eaaa7e01b76a0b6e5fec5,sofa,1
04256520/2bf095743bd8f21f6f37a8be59c15bbb,sofa,1
04256520/2c1c9fb6e940c636b1467c71658cc329,sofa,1
04256520/2c3a679d6640a93abd16d4490a10a752,sofa,1
04256520/2c6dcb7184bfed32599dcc439b161a52,sofa,1
04256520/2c7d2bb93b49197cded06cbcf08b2fff,sofa,1
04256520/2c7fd96b46b2b5b5efc579970fcfc006,sofa,1
04256520/2c12a9ba6d4d25df8af30108ea9ccb6c,sofa,1
04256520/2c16efe54c1368b297f437b37a859ff5,sofa,1
04256520/2c86b652e14005a09c39abaf208a73e5,sofa,1
04256520/2c2265c2a9f3c886d0250e0e48027a4c,sofa,1
04256520/2cb0f608feed6256165ce3a6b1468e1,sofa,1
04256520/2ccd286e8d5963199201f2703b45dd7,sofa,1
04256520/2d1dbcb6802bf2017879e882bea3b8aa,sofa,1
04256520/2d3a484f14ec3d4d7b11ae648ea92233,sofa,1
04256520/2d4bda48253f35bf52979c729a1f9cc2,sofa,1
04256520/2d5cd8bb42310f3eb04cb542e2c50eb4,sofa,1
04256520/2d987393f7f7c5d1f51f77a6d7299806,sofa,1
04256520/2dcd9c9795ce4471b65843dc986fdf7a,sofa,1
04256520/2de1b39fe6dd601f1e03b4418ed1a4f3,sofa,1
04256520/2e0f5e0ed5acb122597976c675750537,sofa,1
04256520/2e04a6dedc7cc5334b3c42e318f3affc,sofa,1
04256520/2e12af86321da41284e6e639680867d1,sofa,1
04256520/2e17fbc8ae8989911751d30f076514e,sofa,1
04256520/2e474051a376ecace543d6ca26cbd98,sofa,1
04256520/2ea00b36ccb8d3baefc579970fcfc006,sofa,1
04256520/2eb0a772c36144eba3f22b4b00de6dfb,sofa,1
04256520/2ebb84f64f8f0f565db77ed1f5c8b93,sofa,1
04256520/2ee577ae974272dc9faa444e7f5fd692,sofa,1
04256520/2f1e6b2c94d6b6c474072e8e7f655555,sofa,1
04256520/2f6f16e5a1d36f3fefc579970fcfc006,sofa,1
04256520/2f458ca5f25954ea9f2349486c570dd4,sofa,1
04256520/2f85863e90aae79240ef1c8b63a628f9,sofa,1
04256520/2f426679ff0345326e467bd7dd946c3c,sofa,1
04256520/2fa5cce72c52f5ea95696f73b672b1e8,sofa,1
04256520/2fb74a2f2b2b23a8a8cba409c4409ba9,sofa,1
04256520/2fb350e338cc61521b17743c18fb63dc,sofa,1
04256520/2fbf971de875a1277df50de84a56e505,sofa,1
04256520/2fc2409aa962c5553ca57f5648ff1b0d,sofa,1
04256520/2ff7a54101b3a51283c1014d9ff52cf3,sofa,1
04256520/3a1cb5501dad77f360257b24d454e22f,sofa,1
04256520/3a01d750779057f8febad4f49b26ec52,sofa,1
04256520/3a3cc27878713c19676de9b6e111da8b,sofa,1
04256520/3a3f425190044bdb2efb565c08a63897,sofa,1
04256520/3a27e270712fe178ce59ea70152320fa,sofa,1
04256520/3a053bc6997155674ee2933c1153f63b,sofa,1
04256520/3a69f7f6729d8d48f51f77a6d7299806,sofa,1
04256520/3a99bf8e2a3e5e294b3c42e318f3affc,sofa,1
04256520/3a503e0e9b48a8925ff61a3a2a0e2484,sofa,1
04256520/3a525a1286d4879ed35d1c787a8f626e,sofa,1
04256520/3a693ca4add94bdffe1db2d0679386ff,sofa,1
04256520/3aab3cf29ab92ce7c29432ec481a60b1,sofa,1
04256520/3ab95ff520d0970b6ae963205db1109f,sofa,1
04256520/3abafff866f9319d19763227d95ac592,sofa,1
04256520/3ac6d1680c7e0ba4fb315ce917a9ec2,sofa,1
04256520/3ac827b804fee818b0b88207ef0f5bc6,sofa,1
04256520/3ad0d0becf611ddec6fd9dc5af8f81a4,sofa,1
04256520/3aeae4150fce9f79ed3b18fbf7db0d,sofa,1
04256520/3af5eddf5022015788dcbe86402c7c15,sofa,1
04256520/3af6ec685a6aa14e2f99eeb199d54554,sofa,1
04256520/3b3f44ac9d3245b1e7c7920f6a65a54d,sofa,1
04256520/3b7c1e67ee312cfe1bb088904f7cb154,sofa,1
04256520/3b7f2867c3d56290267536df1b0cc6,sofa,1
04256520/3b34c3ac871a2d40593ebeeedbff73b,sofa,1
04256520/3b37e15f2dfe0bdf55f9a00acc25f137,sofa,1
04256520/3b66e52a5272e0b4851fe006c784eab,sofa,1
04256520/3b72c4223eb452168f5c37fe197319e1,sofa,1
04256520/3b15020aeaf67cd5b085db76290ca220,sofa,1
04256520/3bc7d4d59503cc92c1a25f36f85c3fd6,sofa,1
04256520/3c0dd3719baecf3319fb4103277a6b93,sofa,1
04256520/3c30c45a5ba3b535f564f8e3eeb8449e,sofa,1
04256520/3c56ceef171fa142126c0b0ea3ea0a2c,sofa,1
04256520/3c389c01263d2eaf2b3e9b6eb52d35df,sofa,1
04256520/3c05461b9f6330efc61d98cf72b72c17,sofa,1
04256520/3ce2794845ba4bff5c63d035d2a7c889,sofa,1
04256520/3cf0d27803acc8cf1290417619264ca9,sofa,1
04256520/3d0aea03fdbcbcc1dad4c6b86f1850a6,sofa,1
04256520/3d95d6237ea6db97afa2904116693357,sofa,1
04256520/3d164c442e5788e25c7a30510dbe4e9f,sofa,1
04256520/3d297a9092136d914038d588fd1342f,sofa,1
04256520/3d498fd733de605a929a5204e472930b,sofa,1
04256520/3d0575e2fbf2ed5c99e1e63653e7d97,sofa,1
04256520/3d863a4eb22c548e9d4d5dcd2cc33826,sofa,1
04256520/3d87710d90c8627dd2afe8d5254a0d04,sofa,1
04256520/3d7301760bbf315f3598efd14e493d5,sofa,1
04256520/3dc8e7cd623f5aeb65498947b67a3f6,sofa,1
04256520/3dd89f170133fbd7d609055a51359428,sofa,1
04256520/3ddf9a51c44970fd5e4b35ff1ea95f37,sofa,1
04256520/3dee5f41a11a1fdbdc83753cd31caa42,sofa,1
04256520/3e2cd7495af88fe352e393d25dabbb72,sofa,1
04256520/3e3ad2629c9ab938c2eaaa1f79e71ec,sofa,1
04256520/3e4a24e15c63edb95554764d7c3c0e03,sofa,1
04256520/3ea6bec3578d7a0a24e449d22891bdba,sofa,1
04256520/3ea28d2184d19410c823a47daff020c5,sofa,1
04256520/3eb1a7a9a4ea97e3e44bad6fc9badfe7,sofa,1
04256520/3eb9e07793635b30f51f77a6d7299806,sofa,1
04256520/3ee93f4b1efe249bb21450114b9ae3a,sofa,1
04256520/3f1af655a7e3ee57b838ce7eb80b48a,sofa,1
04256520/3f1e897f2da10d808e52cc55aebae3ed,sofa,1
04256520/3f8aba017afa6d94f78aa2d67f081607,sofa,1
04256520/3f8f1d7023ae4a1c73ffdca541f4749c,sofa,1
04256520/3f79bfdf49c2b654c397356311cbeea4,sofa,1
04256520/3f8523f11a622d8d6983f351200ac6a,sofa,1
04256520/3fc4cf00b8db1f03b086b372af6b049e,sofa,1
04256520/3fcb0aaa346bd46f11e76965808086c8,sofa,1
04256520/3ffeb5868d6f5dbd8c46a3a266762d7,sofa,1
04256520/4a1b7de779cde76487311f65d7a3e3e6,sofa,1
04256520/4a7cafc9f91cde86200f88c4e37ac5ad,sofa,1
04379243/1a5febd8d65b97e4f4b6538438a0b930,table,1
04379243/1af5dee23444c104fff16555386d173d,table,1
04379243/1b1f24767e5555d8c3bd24f986301745,table,1
04379243/1b6ea0e8c6785638ad8d9da81848733,table,1
04379243/1b805da9981a6393f454e62143e2dffc,table,1
04379243/1ca75076bcebfac76c3484ac7eef025f,table,1
04379243/1cc337d9f3f6d8f47f45370489ca3156,table,1
04379243/1ceaa8bd231d922cc3bd24f986301745,table,1
04379243/1cf7bee4c0dad464c3bd24f986301745,table,1
04379243/1d9b72020d680630bbd4cddd04c77b,table,1
04379243/2b3b491b70535af2f7f596f1d05d059,table,1
04379243/2b40fbee96b93a5eae25f6fe802a8997,table,1
04379243/2e7a728b482bd2d453e946fb2184f0c4,table,1
04379243/2e096785b8d98d4430bbd4cddd04c77b,table,1
04379243/2eb4a0d015b80a8d9ccce4c6d5bb195f,table,1
04379243/2eb503dde3cc027d86c701087a194026,table,1
04379243/2ec13bb2c3d06c0543dbb6421d614c0d,table,1
04379243/2f1a310ca0fb6b0177e131ed5f0fcc86,table,1
04379243/2f07c59d4099b5762241dba92389a637,table,1
04379243/2fe5bbb0df6925d1f12d7184a2ad3430,table,1
04379243/2ff9f572b715e86b1cfb6a573ef73942,table,1
04379243/3b72f2c31c5aac6ab3421b3649fb16c1,table,1
04379243/3b112cbb833b57ce7774eacf69d476db,table,1
04379243/3bfc7947fb8abec5d925b06c8689bfe2,table,1
04379243/3c4e1361b066ea3b8ca998f0f87d0c84,table,1
04379243/3ca6199c8adacd4d30bbd4cddd04c77b,table,1
04379243/3ceb74b707f814a17bcd6a9a3aec51dd,table,1
04379243/3dee82c33d65b74a99e8bf807e902261,table,1
04379243/3fa4d59a29c3b506a5e91f4d594e20e6,table,1
04379243/3ffeeae04bdd3b51c3bd24f986301745,table,1
04379243/4a944441380ba0a45990f2c81f286aec,table,1
04379243/4ae4635c7c69ea908d0eb3d070197e49,table,1
04379243/4b4ae1bfcf9de312d1dcc55e36186e4e,table,1
04379243/4bb8e7499f9c5466a341228b21d337a9,table,1
04379243/4c8992b5868f945c8164355cfcd0b549,table,1
04379243/4cf6260ddc4e1ffc2ec2c1c65e9866d,table,1
04379243/4d3a4749310a3d242bf2627b2d231d97,table,1
04379243/4dc3e9e293450817d3dad974dc098fa1,table,1
04379243/4de6d195f07edbe5cd18e512cbf0ebf8,table,1
04379243/4de9fa90bcbd6beec3bd24f986301745,table,1
04379243/4e6db34a8ddef9abb9569033586af233,table,1
04379243/4f8ea79100a324b77445d25f394949d0,table,1
04379243/4f35874fc0301d015cd4f7d5b0608a,table,1
04379243/4fb805fd299207e7848af3cb674ead1,table,1
04379243/4fdb53755e578678cd7f32327bdc729f,table,1
04379243/5a3e5f0fff5a7220b4ca2ef8c032d07d,table,1
04379243/5a6c1cc3731fedeb55f46d55537192b6,table,1
04379243/5b2fcf551345b64bf3412e3273fc1682,table,1
04379243/5b4a3107afc425be60ddc468fe733ed1,table,1
04379243/5b685a0318bcf5ff4ced24553b268ec,table,1
04379243/5bccf52849ce93b5f4d0ace72e0fac85,table,1
04379243/5cebb89b77fcf78084cb825ff0118ad1,table,1
04379243/5d3d902051858e56ed1397afd2317e5b,table,1
04379243/5d65f46bcc49eef08b378a8c4400c79b,table,1
04379243/5d7631230b4fab707934a0d24a61231,table,1
04379243/5de144376ad2826329909e9b8d8324a,table,1
04379243/5edf1990c995fcd7693e54627de491a9,table,1
04379243/5ef7fbec36f8854ef7b4b759a0c02e4a,table,1
04379243/5fc5ebe830d27064563796b09a95b12,table,1
04379243/6a754d9c379ff246fbb20af1c3b4b0e9,table,1
04379243/6b678921222e3375f9395f1ee40f845e,table,1
04379243/6bb2a335613e8e2ce26ba91c6bf4ff82,table,1
04379243/6c0ee01fb43f8f46c045ebb62fca20c6,table,1
04379243/6c081d6351e07db937251258858a7a58,table,1
04379243/6cb965ebd6fe2e3bd8d12f352b5e1839,table,1
04379243/6d00c1008f41a099eaf288f952624966,table,1
04379243/6d2c75d89b0a5f5d8cbb8bac2032149c,table,1
04379243/6d9d1411a046934418b5d5fe1f3ec412,table,1
04379243/7e1d0214a916543b37b2bb75885cfc44,table,1
04379243/7f808e545bb01ab7ac91966b4f1152b0,table,1
04379243/7f71383698c24d4f43dbb6421d614c0d,table,1
04379243/8ac67043fbc976138705931e60ead6a0,table,1
04379243/8d177d02c291deeca7f2f03d5c90e79,table,1
04379243/8f27f3da43406402bd5d9cd72de2e1b3,table,1
04379243/8ffcdc51a930bc408964093366ba01ab,table,1
04379243/9a314f79b18ba7914187eeeb0dea4986,table,1
04379243/9a762e9ca86ce96da5e3e028709e0474,table,1
04379243/9a2529a1b49282cd6eeb02236344250,table,1
04379243/9ad91992184e2b3e283b00891f680579,table,1
04379243/9b8e6eb835f0c8bcf37af16b2893f1d4,table,1
04379243/9b042d709402eb968dd711af5650bdcf,table,1
04379243/9b77e481163e91214038d588fd1342f,table,1
04379243/9b3433ca11cd09bae7c7920f6a65a54d,table,1
04379243/9ba82ad65b1e90a1f51fa0238791f5dc,table,1
04379243/9bf704d5e2474cba3a6b5b5b9b35aa8d,table,1
04379243/9c2fb771ec6073b37ff6ace05b36a5,table,1
04379243/9c44b336e78684647523c0c037b61ec6,table,1
04379243/9d5941cd2ae236db2a63bbf40292a37e,table,1
04379243/9dfe5cbbb78cd26c9ccce4c6d5bb195f,table,1
04379243/9e42bbdbfe36680391e4d6c585a697a,table,1
04379243/9e84d2ed1fc4a0efc772d43f7a27a1e,table,1
04379243/9e5926bfdc7f01749e65a3d2929a9516,table,1
04379243/9ee005b0d0cf88a0e7e684d25d4dcaf0,table,1
04379243/9f1fcee83cacf964f4b6538438a0b930,table,1
04379243/9f75d067359e6db4f9f8d2db335100b,table,1
03938244/2ec52ad731536d294b3c42e318f3affc,pillow,1
03938244/2fe82cff107cbeaeb357233991a61d01,pillow,1
03938244/3e4659a2dcb7bd3f959a2da56ff43b4,pillow,1
03938244/3ee02ff403e6e5bc2c6c98851414a9d8,pillow,1
03938244/3fab1dacfa43a7046163a609fcf6c52,pillow,1
03938244/3fca753458f2b44c283b00891f680579,pillow,1
03938244/4ae37fde7b123dab5dc3653f8341633a,pillow,1
03938244/4b351af9567719043a4cd082c6787017,pillow,1
03938244/4c617e5be0596ee2685998681d42efb8,pillow,1
03938244/5ba3bd3907f4513636902d83e4cc385,pillow,1
03938244/7a555dba7e9f00549276a66e8d922b73,pillow,1
03938244/7c94c3ede6a3d3b6d0a29518c983e8c6,pillow,1
03938244/7c1194c82d28663d7d910d51d878f708,pillow,1
03938244/7d9cb088956a9c4993e60794f9200b7,pillow,1
03938244/24b7f744e060522993450a6db2a946b4,pillow,1
03938244/24dfe6ef933ae9692257a9702919f3a,pillow,1
03938244/55a09adb1315764f8a766d8de50bb39d,pillow,1
03938244/89fd3acbd34e72106a6cca39468798a8,pillow,1
03938244/94e39fb5f01f15118998b3b64a143d42,pillow,1
03938244/121f2fa5ec7a7db47df4feb40f08ca17,pillow,1
03938244/343e3dedabdb067193e60794f9200b7,pillow,1
03938244/397d66329fcf4b862bf863b361489dad,pillow,1
03938244/530cc7dd793df95f8f5ae2c97614087a,pillow,1
03938244/950f71d6c271cbf47676dfce60793e46,pillow,1
03938244/953d16ed7eee84d32d7a27ffaafaaddb,pillow,1
03938244/2873ef9354972727b376ecd25749b977,pillow,1
03938244/4691e0947b1e2a6b685998681d42efb8,pillow,1
03938244/5429faac916362e185bc264270ae0601,pillow,1
03938244/6415c868620b99a061c93a6de3b6bd7a,pillow,1
03938244/9451f92833603bd3630771196b76eab9,pillow,1
03938244/68131b4f51579263f7b57f419ab26207,pillow,1
03938244/68316f18573e3449622179425ac4ebe9,pillow,1
03938244/80326c3f2dff14412257a9702919f3a,pillow,1
03938244/359576c82de003cf96907985b34a7ba3,pillow,1
03938244/1332172ba896e1c2a40f4c396e0c7dce,pillow,1
03938244/57992207eebe4009eb332cd2d2a300,pillow,1
03938244/59657437cc799e51616f4ad120b6332a,pillow,1
03938244/a3efd34601ea92facd6e752154c5afc0,pillow,1
03938244/a97e7bc8291f73d521788cb501e76904,pillow,1
03938244/a136a79481238e046d3e11439c6c22c8,pillow,1
03938244/ab60bad52d6244db86052e834fbd2c4a,pillow,1
03938244/ac2477b9b5d3e6e6c7c8ce3bef5c2aa9,pillow,1
03938244/b422f9f038fc1f4da3149acda85b1964,pillow,1
03938244/b4175523993f66e8d330ae3d046a415c,pillow,1
03938244/c1f39c4bcd931875f51f77a6d7299806,pillow,1
03938244/c9f732b5bfe7b1cd29c99526bacef0da,pillow,1
03938244/c13de90da6f6744736902d83e4cc385,pillow,1
03938244/c898517ee2fab5ace3f7a74e12a274ef,pillow,1
03938244/cac45c821aaa15e577ca5eb24dfd03ad,pillow,1
03938244/cf2ab5d9bff184ca6325569942918d9f,pillow,1
03938244/d212b1cf646b23f5fdad967a7c361c07,pillow,1
03938244/d534e22b823ad56f630771196b76eab9,pillow,1
03938244/d777679b4dd35c76a4136492f17b9a59,pillow,1
03938244/ddf0c95f168e43f2283b00891f680579,pillow,1
03938244/e8a13e84cc6db127616f4ad120b6332a,pillow,1
03938244/e973f4a81707004ef2197da8dec8488d,pillow,1
03938244/ea69362db645cb4c1185ac82ed4da80d,pillow,1
03938244/ef5ee3879df49ce7f5b2cf5056edd6db,pillow,1
03938244/efd9fffc04d235dab55fde51a411949f,pillow,1
03938244/f7a1abde2723321e8bd9de6b28931bb0,pillow,1
03938244/f7a58269c59ada7c4b3c42e318f3affc,pillow,1
03938244/f19f78894858d57c38bf051f9aef03f8,pillow,1
03938244/f83e0334efbe5ac33c702793a783cff1,pillow,1
03938244/f3833476297f19c664b3b9b23ddfcbc,pillow,1
03938244/fce7f95d023ac364402d272d6d981f21,pillow,1
03938244/fe2236c135bc169e7676dfce60793e46,pillow,1
04379243/1a05bd57d0ea709e7d3ba54b9bdaa55c,desk,1
04379243/1a6aca00bbc88c7d30bbd4cddd04c77b,desk,1
04379243/1a35db5eb4f931a3eba0693b2c2a423b,desk,1
04379243/1a53d35ef172a6febbaf0ab08a397b2,desk,1
04379243/1acc3dae512b56b01f8b303c0da5108d,desk,1
04379243/1b5e501a28921c43d46cc1240811b39d,desk,1
04379243/1b70ae39748f9b97456cbf78e1e89022,desk,1
04379243/1b84ce3667a99f1d30bbd4cddd04c77b,desk,1
04379243/1b273f4af777469e42fd31df8966a338,desk,1
04379243/1ba26b0ca7507edd7c8ffa57cf4ce53a,desk,1
04379243/1bd49921fac3e815c3bd24f986301745,desk,1
04379243/1c7ce8d5874553ccc3bd24f986301745,desk,1
04379243/1c20d8cce30ded086ee08f750473a436,desk,1
04379243/1c228bbb8c23ab9295ba6c11631d3b64,desk,1
04379243/1c3317b33bfccab0824080f516909671,desk,1
04379243/1c123801cd052c833bd248747cb27ae2,desk,1
04379243/1cc70da57ce2e9e7309b03efb521ec1e,desk,1
04379243/1cce99367326fb45a7f4087375d26b7,desk,1
04379243/1f7e4805b267e71f21da01c0bdc324b2,desk,1
04379243/1f067718ea071a4ec804f0ac5b784b6b,desk,1
04379243/1f239239d1039d60ad8e5e47362bc281,desk,1
04379243/1fb025077ea5546bf7af398806a30cc7,desk,1
04379243/2a0b5875dc999a7a29e047111bd79063,desk,1
04379243/2a0f853dadd841f96f1e07a56c129dfc,desk,1
04379243/2aa624d7f91a5c16193d9e76bb15876,desk,1
04379243/2ab09f4db5f5e842bf595b60a303303,desk,1
04379243/2ab79a94145330a95ca21a5844017a0f,desk,1
04379243/2acce0e402725f80ece694d60a812f12,desk,1
04379243/2ad85522947a9cf5f4ab13f4b49ac318,desk,1
04379243/2bd90eb4b9aaff9af84b0be7f50940eb,desk,1
04379243/2bd915e46c4b08e3f2cd47be0243fcd2,desk,1
04379243/2c0ade2de5ed1ad66df14337f24e49f4,desk,1
04379243/2d1400cf45b94df051a0bc243f04669e,desk,1
04379243/2d466533183daaf027cdc3d721fe0086,desk,1
04379243/2dcbd662fa03dc88956c2c3ee7a48cc0,desk,1
04379243/2dedcb98bb6e9375aa2e219918fb41bc,desk,1
04379243/2e23b1aa756399ea1138d031cf239f4b,desk,1
04379243/2ec13926519716142b0659b9edd2a3d1,desk,1
04379243/2ec254595840417424754d384796666,desk,1
04379243/2eecafccfce0a14546407779dbd69b2d,desk,1
04379243/2ef075a7b9433b06b2b7d07d6c0cd464,desk,1
04379243/2f9f15a48b674ea25c87325f4fc53794,desk,1
04379243/2f257e35ef61553b63c9ead28992f1,desk,1
04379243/3a52892dc6c06efeb2403dba7fd079eb,desk,1
04379243/3ab1e5d4f889f8f1cb7b25164a43bff,desk,1
04379243/3ac209693a4e89c4a4b99739648f763,desk,1
04379243/3b0c62bde7b24de85ce578b5b4bfae3c,desk,1
04379243/3b8d176f94c0617867dc358060e3c47b,desk,1
04379243/3c04f4e0d183976a7e7cb173e141227,desk,1
04379243/3c7cf00cd78adaef4b3c42e318f3affc,desk,1
04379243/3c34a433ab1dd3e2f657e3152307ea2a,desk,1
04379243/3c275368d3e30e775517495984cceec,desk,1
04379243/3ec4be6e96bfc2512b5fb024f65f6da,desk,1
04379243/3ed500a12dfa511ba6040757a0125a99,desk,1
04379243/3f682ce98ca01c85b3cf15c77de45986,desk,1
04379243/3fb5033b5ddaaf365f7afad12924b3b5,desk,1
04379243/4abe61d5f1f800b6c8d74856214be3b8,desk,1
04379243/4b11be42b0c0482dd94faaee2b20e2bf,desk,1
04379243/4b237530ff7c8c064b2ec20c30ace65f,desk,1
04379243/4b2119939de4f6e892cc1f9d231c0f76,desk,1
04379243/4be0f809a66f1797ad9d8182e90fd7fb,desk,1
04379243/4beaa698e6a7721279a2553310841ae9,desk,1
04379243/4cb4f4d4bb4771dd1d1d518ba4f78d6c,desk,1
04379243/4cc695f3d582116fc655d08d986ea26,desk,1
04379243/4cd119aa7b11f3f54b3c42e318f3affc,desk,1
04379243/4d2f7c689e77df6b6dc1766995c17a41,desk,1
04379243/4d54165ac08d47dc30bbd4cddd04c77b,desk,1
04379243/4dfa73e922842c02a7e7cb173e141227,desk,1
04379243/4e9a4060a7fb0dd230bbd4cddd04c77b,desk,1
04379243/4e03170994b4347e6f1e07a56c129dfc,desk,1
04379243/4fde6d734ef8490336d4accc80b34c1b,desk,1
04379243/5a7039feb89ab32f5e6d4b8e7c0423c1,desk,1
04379243/5aadc1a9220fdbb8349f14616fb49d0a,desk,1
04379243/5b0ca203bc4021a2cf9ca735ff10053c,desk,1
04379243/5b5f613742a2d960aec74bea859ea8a3,desk,1
04379243/5b621e5fe06ebfc7b71f7e05ca67f031,desk,1
04379243/5c0810caed3ca0f83bec56bff764ba78,desk,1
04379243/5f188ef6d852a85c8d0180586cee2c13,desk,1
04379243/6a5ff41fa5aaadf84c29eddba1f2e390,desk,1
04379243/6a35640c7f10aa71850622797c13f562,desk,1
04379243/6ab7ebf9b94176456f1e07a56c129dfc,desk,1
04379243/6b1a24847e5b666de3b5d4a92fbfd4bd,desk,1
04379243/6b43cb708670013d2a475baffed905d,desk,1
04379243/6c4c1465fe472cfd93ed8929b636c206,desk,1
04379243/6c8d4952f67d47f56bf829b05be0ce22,desk,1
04379243/6d67f92d6e11f29e5792b99b8245d225,desk,1
04379243/6f5813533bb9001dd24546afc5de2582,desk,1
04379243/7a0ec4445356a79410643b0cbd7095e7,desk,1
04379243/7a6cf20a719c16cde8258fa1af480210,desk,1
04379243/7b8c92d0202211d53d098fcb46b95c,desk,1
04379243/7b92f6facc2a27bc84cc0348a73b80c3,desk,1
04379243/7d3fc73ccd968863e40d907aaaf9adfd,desk,1
04379243/7d14ae7d0b7338bda0ab1d82ef09f78f,desk,1
04379243/7dea64a734cc77e6fc5030c2f25772b,desk,1
04379243/7e6fea75f410181855f9913e822d5318,desk,1
04379243/7eafe1321f7d566c9654713ddaad32c7,desk,1
04379243/7f7bc0b7e275d1079477196152a8f4a2,desk,1
04379243/1c40ccb81c862cbf595d2b7814efa054,night_stand,1
04379243/3c886639d67798f671a70be9f12ce8b0,night_stand,1
04379243/42c35105a94ae6e68ec80f11cb8c2f41,night_stand,1
04379243/306f10749606ec9355f46d55537192b6,night_stand,1
04379243/832ea764f0d3ffad9923defa57043b67,night_stand,1
04379243/25244dda23e8f58d788f926f4d51e733,night_stand,1
04379243/b2b4829e281f1ca09a87002a4eeaf610,night_stand,1
04379243/d5e003575739a8ce1bb088904f7cb154,night_stand,1
04379243/d47189d9686125553caaa84ea4cea094,night_stand,1
02933112/1c87c14a44982206df3a1b0d597ce76e,refridgerator,1
02933112/1ded292e60cf7f11178e7d331e641179,refridgerator,1
02933112/4caef9af7bd31f195588a2543ef0b0b4,refridgerator,1
02933112/5f7e3d694d47fe6cde650492e45fb14f,refridgerator,1
02933112/2c6aee97b0325e92de650492e45fb14f,refridgerator,1
02933112/4cee2825142a64acde650492e45fb14f,refridgerator,1
